{"cameraMode":{"drawMode":0,"name":"Shaded","section":"Shading Mode"},"sceneLighting":true,"audioPlay":false,"sceneViewState":{"m_AlwaysRefresh":false,"showFog":true,"showSkybox":true,"showFlares":true,"showImageEffects":true,"showParticleSystems":true,"showVisualEffectGraphs":true,"m_FxEnabled":true},"in2DMode":false,"pivot":{"x":-0.10154183208942414,"y":0.6293648481369019,"z":-2.0559885501861574},"rotation":{"x":-0.059941451996564868,"y":0.027539139613509179,"z":-0.0016543959500268102,"w":-0.9978225231170654},"size":2.4861087799072267,"orthographic":true}