{"cameraMode":{"drawMode":0,"name":"Shaded","section":"Shading Mode"},"sceneLighting":true,"audioPlay":false,"sceneViewState":{"m_AlwaysRefresh":false,"showFog":true,"showSkybox":true,"showFlares":true,"showImageEffects":true,"showParticleSystems":true,"showVisualEffectGraphs":true,"m_FxEnabled":true},"in2DMode":false,"pivot":{"x":-0.009000003337860108,"y":1.1222944259643555,"z":-2.0676121711730959},"rotation":{"x":-0.047980573028326038,"y":-0.006899820640683174,"z":0.0003314220521133393,"w":-0.9988247752189636},"size":1.538041591644287,"orthographic":true}